31,Индометацин-Софарма 25 мг № 30 табл,15-Apr-22,246,24,https://st.europharma.kz/cache/product/2306/160x160_5fb2539f33274.png,1
32,Сиалис 20 мг № 2 табл,15-Apr-22,15597,14,https://st.europharma.kz/cache/product/3842/160x160_974.jpeg,1
33,Линкас Лор № 16 табл.д/рассасыв-я мёд-лимон,15-Apr-22,540,38,https://st.europharma.kz/cache/product/4354/160x160_6010ef3f6151a.jpg,1
34,Капсикам д/наруж применения 30 гр мазь,15-Apr-22,3395,70,https://st.europharma.kz/cache/product/4866/160x160_60c3362283fd9.jpg,1
35,"Пиколакс 7,5  мг № 10 табл",15-Apr-22,1852,85,https://st.europharma.kz/cache/product/5378/160x160_5f3a5512e4787.png,1
36,Сиспрес 500 мг № 10 табл п/плён оболоч,15-Apr-22,1174,51,https://st.europharma.kz/cache/product/6914/160x160_6184.jpeg,1
37,Тригрим 5 мг № 30 табл.,15-Apr-22,3175,50,https://st.europharma.kz/cache/product/7682/160x160_60e52b1271d5a.jpg,1
38,Аджисепт со вкусом лимона № 24 леденцы,15-Apr-22,912,85,https://st.europharma.kz/cache/product/8194/160x160_5f50728d1f0ae.png,1
39,Сертоцеф порошок д/приготовления р-р для инъекций растворителем 100 мг №1,15-Apr-22,2330,74,https://st.europharma.kz/cache/product/9730/160x160_5fae6ade02ff3.png,1
40,Фитолизин nefro CAPS  № 30 капс,15-Apr-22,2570,34,https://st.europharma.kz/cache/product/17666/160x160_5cd3b90b3f4bf.jpg,1
41,Аденурик 80 мг № 28 табл п/плён оболоч,15-Apr-22,13077,68,https://st.europharma.kz/cache/product/19202/160x160_5f57257ad7835.png,1
42,Аксафлокс (Офлоксацин) 100 мл,15-Apr-22,1561,51,https://st.europharma.kz/cache/product/27906/160x160_5fb4e3f7eeb48.jpg,1
43,Кардиомагнил 75 мг № 100 табл п/плён оболоч,15-Apr-22,1655,17,https://st.europharma.kz/cache/product/31490/160x160_606aa588a7df7.png,1
44,Карсил № 80 табл,15-Apr-22,2817,65,https://st.europharma.kz/cache/product/2307/160x160_5f4f35ab32513.png,1
45,Сиалис 20 мг № 4 табл,15-Apr-22,29056,40,https://st.europharma.kz/cache/product/3843/160x160_2693.jpeg,1
46,Линкас Лор № 16 табл.д/рассасыв-я апельсин,15-Apr-22,540,43,https://st.europharma.kz/cache/product/4355/160x160_6010ef08c010f.jpg,1
47,Капсикам д/наруж применения 50 гр мазь,15-Apr-22,3780,23,https://st.europharma.kz/cache/product/4867/160x160_60c3361b13c1a.jpg,1
48,Эвказолин Аква 1 мг/г 10 мл спрей назальный,15-Apr-22,1606,43,https://st.europharma.kz/cache/product/5379/160x160_2678.jpeg,1
49,Пантап 40 мг № 14 табл,15-Apr-22,3027,53,https://st.europharma.kz/cache/product/6915/160x160_5f3a46fe18a83.png,1
50,Тригрим 10 мг № 30 табл.,15-Apr-22,3366,10,https://st.europharma.kz/cache/product/7683/160x160_60e2889fdd11f.jpg,1
51,Аджисепт классический № 24 леденцы,15-Apr-22,915,49,https://st.europharma.kz/cache/product/8195/160x160_4095.jpeg,1
52,Релиф Ультра № 12 суппозит. ректал.,15-Apr-22,4506,79,https://st.europharma.kz/cache/product/11523/160x160_5f0bf27e3e176.png,1
53,"Фарестон 20 мг, №30, табл.",15-Apr-22,9241,14,https://st.europharma.kz/cache/product/12291/160x160_5f114e65a50ef.png,1
54,Аксацип (Ципрофлоксацин) 100 мл,15-Apr-22,1119,85,https://st.europharma.kz/cache/product/27907/160x160_5fb4e50a19772.jpg,1
55,Ducray крем-концентрат Kertyol P S O картон 100 мл,15-Apr-22,6162,38,https://st.europharma.kz/cache/product/36099/160x160_6142c8c6822cf.jpg,1
56,Мезим форте 1000 мг № 20 табл покр кишечнораст оболочкой,15-Apr-22,2051,48,https://st.europharma.kz/cache/product/260/160x160_5f056624cceb3.png,1
57,Контролок Контрол 20 мг № 14 табл покр кишечнораст оболочкой,15-Apr-22,2111,58,https://st.europharma.kz/cache/product/3332/160x160_5f03cf7659b95.png,1
58,Сиалис 20 мг № 1 табл,15-Apr-22,9115,48,https://st.europharma.kz/cache/product/3844/160x160_1233.jpeg,1
59,Ушные фитосвечи №2,15-Apr-22,286,96,https://st.europharma.kz/cache/product/4612/160x160_5ffc25763decf.jpg,1
60,Випросал В д/наруж применения 30 г мазь,15-Apr-22,2649,92,https://st.europharma.kz/cache/product/4868/160x160_60c338c176276.jpg,1
61,Пантап 40 мг № 28 табл,15-Apr-22,3559,59,https://st.europharma.kz/cache/product/6916/160x160_5f3a3bcadba41.png,1
62,Вазелиновое масло 25 гр флак,15-Apr-22,133,75,https://st.europharma.kz/cache/product/7172/160x160_2860.jpeg,1
63,Аджисепт со вкусом меда и лимона № 24 леденцы,15-Apr-22,851,29,https://st.europharma.kz/cache/product/8196/160x160_4175.jpeg,1
64,"Хепилор 20 мл, спрей для ротовой полости",15-Apr-22,2289,56,https://st.europharma.kz/cache/product/12036/160x160_49368.jpeg,1
65,"Лакома-Т 2,5 мл капли глазные",15-Apr-22,6567,75,https://st.europharma.kz/cache/product/12548/160x160_5fb507a99874b.jpg,1
66,"Трипликсам 10 мг/2,5 мг/5 мг № 30 табл п/плён оболоч",15-Apr-22,7390,34,https://st.europharma.kz/cache/product/12804/160x160_5f113753e91d5.png,1
67,Цинепар Экстра № 100 табл,15-Apr-22,3142,72,https://st.europharma.kz/cache/product/19716/160x160_5cd5adf6d24bd.jpg,1
68,Декмакс (Дексаметазон) раствор д/инъекций 8 мг/ 2 мл № 1 фл,15-Apr-22,141,16,https://st.europharma.kz/cache/product/27908/160x160_5fb4f453a3ddd.jpeg,1
69,"Риномарис Интенсив 0,6 мг/мл + 0,5 мг/мл 10 мл спрей назальный",15-Apr-22,2984,34,https://st.europharma.kz/cache/product/28420/160x160_5fb3555a7158c.jpg,1
70,Клотримазол-Тева крем 1% 30 г крем,15-Apr-22,797,24,https://st.europharma.kz/cache/product/37892/160x160_61729ccb139e0.png,1
71,Мезим форте № 20 табл п/плён оболоч,15-Apr-22,929,60,https://st.europharma.kz/cache/product/261/160x160_5f056a569ce05.png,1
72,Линкас Бальзам 25 гр мазь,15-Apr-22,916,14,https://st.europharma.kz/cache/product/4357/160x160_6010ee8ebe0e2.jpg,1
73,"Ушные фитосвечи №2, дет.",15-Apr-22,237,100,https://st.europharma.kz/cache/product/4613/160x160_52.jpeg,1
74,Випросал В д/наруж применения 50 г мазь,15-Apr-22,3612,58,https://st.europharma.kz/cache/product/4869/160x160_60c3346178972.jpg,1
75,"Текназол 100 мг, №4, капс.",15-Apr-22,2267,34,https://st.europharma.kz/cache/product/6917/160x160_2052.jpeg,1
76,"Магния сульфат 25 гр, пор.",15-Apr-22,109,39,https://st.europharma.kz/cache/product/7173/160x160_1285.jpeg,1
77,Аджисепт со вкусом ментол+эвкалипт № 24 леденцы,15-Apr-22,915,23,https://st.europharma.kz/cache/product/8197/160x160_6335.jpeg,1
78,"Катионорм 10 мл, гл. капли",15-Apr-22,7268,29,https://st.europharma.kz/cache/product/9221/160x160_44132.jpeg,1
79,Моресерк 16 мг № 30 табл,15-Apr-22,2884,15,https://st.europharma.kz/cache/product/28421/160x160_607816c025362.jpg,1
80,Линефлорум № 30 жев.табл,15-Apr-22,4502,11,https://st.europharma.kz/cache/product/36869/160x160_6135b82061198.jpg,1
81,Гептрал 400 мг № 20 табл,15-Apr-22,12037,89,https://st.europharma.kz/cache/product/37637/160x160_616fc901af770.jpg,1
82,Гальвус® 50 мг № 28 табл,15-Apr-22,3742,83,https://st.europharma.kz/cache/product/262/160x160_5f02adad9cf72.png,1
83,Индометациновая 10% 40 г мазь,15-Apr-22,363,43,https://st.europharma.kz/cache/product/2310/160x160_5ed9e32fd93d7.png,1
84,Инсти для детей № 5 пакетики,15-Apr-22,653,44,https://st.europharma.kz/cache/product/4358/160x160_60221f4fa50df.jpg,1
85,Ушные фито-воронки №2,15-Apr-22,253,49,https://st.europharma.kz/cache/product/4614/160x160_5ffc25c304ba0.jpg,1
86,Назоферон 100000 МЕ/мл 5 мл капли назальные,15-Apr-22,3161,72,https://st.europharma.kz/cache/product/5382/160x160_5f647aab89bf9.png,1
87,"Текназол 100 мг, №15, капс.",15-Apr-22,6101,22,https://st.europharma.kz/cache/product/6918/160x160_1353.jpeg,1
88,Глицерин 25 мл флак,15-Apr-22,124,63,https://st.europharma.kz/cache/product/7174/160x160_5fb25eba33623.jpg,1
89,Кардиомагнил 150мг № 30 табл п/плён оболоч,15-Apr-22,1217,20,https://st.europharma.kz/cache/product/8454/160x160_5f4f34072f54c.png,1
90,"Меверин 0,2 г № 30 капс",15-Apr-22,2976,38,https://st.europharma.kz/cache/product/12038/160x160_5f05643d2da2b.png,1
91,"Пармелия 1,5 гр № 20 шт",15-Apr-22,509,75,https://st.europharma.kz/cache/product/20992/160x160_60c305332f47c.jpg,2
92,Jake леденцы витамин С виноград № 15 шт,15-Apr-22,294,64,https://st.europharma.kz/cache/product/17921/160x160_62395.jpg,2
122,"Куркумин 0,75 г №30,капс",15-Apr-22,6353,33,https://st.europharma.kz/cache/product/19207/160x160_600f9792e820c.png,2
123,Nutricia инфатрини смесь д/энтер. питания 125 мл,15-Apr-22,1412,15,https://st.europharma.kz/cache/product/27655/160x160_5fb3713194c3e.jpg,2
124,ФортеДетрим 4000 МЕ № 30 капс мягкие,15-Apr-22,1674,74,https://st.europharma.kz/cache/product/38407/160x160_61a5b93bdaa70.png,2
125,"Венозол №60, капс.",15-Apr-22,4127,42,https://st.europharma.kz/cache/product/21000/160x160_5f55f48bcaee2.png,2
126,РегидроСтандарт № 10 пакетик-стик,15-Apr-22,1385,53,https://st.europharma.kz/cache/product/38152/160x160_6193382dde58d.jpg,2
127,ФортеДетрим 4000 МЕ № 60 капс мягкие,15-Apr-22,3246,21,https://st.europharma.kz/cache/product/38408/160x160_61a84512ac68d.jpeg,2
128,Рекормон 2000 МЕ/03 мл №6,15-Apr-22,40059,55,https://st.europharma.kz/cache/product/21001/160x160_605424d55d169.jpg,2
129,"Белла Почечный MA&amp;ME фито чай 1,5 гр № 20 шт",15-Apr-22,468,57,https://st.europharma.kz/cache/product/28169/160x160_60c2e241b6f2e.jpg,2
130,ФортеДетрим 4000 МЕ № 90 капс мягкие,15-Apr-22,4795,82,https://st.europharma.kz/cache/product/38409/160x160_61adee2002d28.jpeg,2
131,"Уриклар №30, капс.",15-Apr-22,4897,76,https://st.europharma.kz/cache/product/2314/160x160_5f7ebb184b54d.png,2
132,"Аскорбинка Витаминка ""София"" с ароматом груши №10, табл.",15-Apr-22,41,54,https://st.europharma.kz/cache/product/7434/160x160_5ffd46eddaadc.jpg,2
133,Аевит № 10 капс,15-Apr-22,179,51,https://st.europharma.kz/cache/product/8970/160x160_1662.jpeg,2
134,Элькар 300 мг/мл 50 мл раствор оральный,15-Apr-22,3501,10,https://st.europharma.kz/cache/product/13322/160x160_5f55f58e86c62.png,2
135,Blackmores Omega Triple  омега тройной усиленная дозировка омега-3 (Омега масла) №150,15-Apr-22,27752,89,https://st.europharma.kz/cache/product/14090/160x160_53058.jpeg,2
136,"Сенны листья 50 гр, фито чай",15-Apr-22,200,96,https://st.europharma.kz/cache/product/6155/160x160_480.jpeg,2
137,Витамин С Вива Фарм 500 мг № 20 табл. жев.,15-Apr-22,890,67,https://st.europharma.kz/cache/product/8715/160x160_5ca1fc81e0e0f.jpg,2
138,Пиридоксина г/х (Витамин В6) 5% 1 мл № 10 амп,15-Apr-22,216,41,https://st.europharma.kz/cache/product/27915/160x160_5fb26088c9e3b.jpg,2
139,"Витадерм 110 мл, настойка",15-Apr-22,2558,75,https://st.europharma.kz/cache/product/1036/160x160_3505.jpeg,2
140,Гиалуроновая кислота №30 капс,15-Apr-22,7246,49,https://st.europharma.kz/cache/product/19724/160x160_600f941a65f47.png,2
141,VPLab BCAA 8:1:1 малина 300 г,15-Apr-22,12468,67,https://st.europharma.kz/cache/product/27404/160x160_5fb3b25fd9a83.jpg,2
142,"Горца птичьего трава 50 гр, фито чай",15-Apr-22,153,96,https://st.europharma.kz/cache/product/6157/160x160_1147.jpeg,2
143,"Витаминка ""София"" абрикос № 10 табл",15-Apr-22,41,60,https://st.europharma.kz/cache/product/7437/160x160_5ffd4a21b2ed2.jpg,2
144,"Зиман №30, капс.",15-Apr-22,6065,36,https://st.europharma.kz/cache/product/9485/160x160_429.jpeg,2
145,Blackmores масло энотеры Омега-6 кислоты (GLA)и(LA) (Омега масла) или жен здоровье №190,15-Apr-22,18226,22,https://st.europharma.kz/cache/product/14093/160x160_53070.jpeg,2
146,VPLab FITACTIVE изотонический напиток Кола 500 г,15-Apr-22,7302,91,https://st.europharma.kz/cache/product/27405/160x160_5f58ace4b9392.png,2
147,"Толокнянки лист 50 гр, фито чай",15-Apr-22,258,28,https://st.europharma.kz/cache/product/6158/160x160_536.jpeg,2
148,Крушины кора 30 г,15-Apr-22,241,60,https://st.europharma.kz/cache/product/7438/160x160_60c9aae138488.jpg,2
149,"Доппельгерц Актив Омега-3 №30, капс",15-Apr-22,3890,23,https://st.europharma.kz/cache/product/15118/160x160_54753.jpeg,2
150,"Тестаген №30, капс.",15-Apr-22,4243,59,https://st.europharma.kz/cache/product/23566/160x160_5f55b143c2c16.png,2
151,Витамин С 1000 мг № 20 табл. шипуч.,15-Apr-22,2576,77,https://st.europharma.kz/cache/product/14096/160x160_53075.jpeg,2
152,Демикальцин №30 табл,15-Apr-22,4237,57,https://st.europharma.kz/cache/product/14097/160x160_5f5b2ba86b6bf.png,2
93,"Доппельгерц Актив Кардио Боярышник Калий+Магний №60, табл.",15-Apr-22,3706,83,https://st.europharma.kz/cache/product/22273/160x160_5d75c5523f54c.jpg,2
94,ZEST(Зест) Магний B6 Ретард № 30 табл,15-Apr-22,4301,81,https://st.europharma.kz/cache/product/38913/160x160_61e64b3e0e79c.png,2
95,"Тайм Эксперт Коэнзим Q10 форте с вит Е №20, табл.",15-Apr-22,1584,97,https://st.europharma.kz/cache/product/10242/160x160_600f97c345874.jpg,2
96,Мукалтин 50 мг № 30 табл.,15-Apr-22,557,24,https://st.europharma.kz/cache/product/17410/160x160_5f647defb1bcb.png,2
97,Jake леденцы витамин С малина № 15 шт,15-Apr-22,294,50,https://st.europharma.kz/cache/product/17922/160x160_5fb50ebfeec47.jpg,2
98,"Ротавит Кардио №20, пакетики 7гр",15-Apr-22,3206,33,https://st.europharma.kz/cache/product/20226/160x160_5f7e96576e0c7.jpg,2
99,Беталайф со вкусом черной смородины д/детей 100 мл сироп,15-Apr-22,2096,68,https://st.europharma.kz/cache/product/25346/160x160_5efb1b0708876.png,2
100,Ультра-Д Витамин Д3 25 мкг (1000МЕ) № 120 жев.табл,15-Apr-22,6116,96,https://st.europharma.kz/cache/product/27138/160x160_5e68b10bbb355.png,2
101,ZEST(Зест) Мультивит Коктейль № 14 саше,15-Apr-22,4113,42,https://st.europharma.kz/cache/product/38914/160x160_61e64d1db3295.png,2
102,Jake леденцы с витамином С мандарин № 15 шт,15-Apr-22,294,14,https://st.europharma.kz/cache/product/17923/160x160_60053fb3719bd.png,2
103,"ДОППЕЛЬГЕРЦ  Актив от А до Цинка, табл. №30",15-Apr-22,3124,81,https://st.europharma.kz/cache/product/25347/160x160_616e3855bb048.png,2
104,ZEST(Зест) Мультивитамин 850 мг № 30 табл,15-Apr-22,3726,12,https://st.europharma.kz/cache/product/38915/160x160_61e64dea025dc.png,2
105,Кукуруза столбики с рыльцами 25 гр фито чай,15-Apr-22,204,89,https://st.europharma.kz/cache/product/6148/160x160_2670.jpeg,2
106,"Турбослим Альфа-липоевая кислота и L-карнитин 0,55 г, №20",15-Apr-22,2294,70,https://st.europharma.kz/cache/product/10244/160x160_600f95a06a9cf.png,2
107,Jake леденцы с витамином С персик № 15 шт,15-Apr-22,294,13,https://st.europharma.kz/cache/product/17924/160x160_62396.jpg,2
108,ZEST(Зест) Позитив № 14 табл,15-Apr-22,3718,28,https://st.europharma.kz/cache/product/38916/160x160_61e64dbc6ba29.png,2
109,Лен семя 100 г фито чай,15-Apr-22,203,60,https://st.europharma.kz/cache/product/6149/160x160_1272.jpeg,2
110,"Турбослим День 0,3 гр, №30, капс.",15-Apr-22,3374,89,https://st.europharma.kz/cache/product/10245/160x160_600f9294bbe08.png,2
111,Nestle питание энтеральное Modulen IBD для детей от 5 лет 400 г,15-Apr-22,9744,20,https://st.europharma.kz/cache/product/10501/160x160_6137191fbf38e.jpg,2
112,"Jake леденцы мультивитамин В, С, Е кокос, черная смородина № 180 шт",15-Apr-22,4158,81,https://st.europharma.kz/cache/product/17925/160x160_62399.jpg,2
113,Витрум Кидс Плюс № 30 табл. жев.,15-Apr-22,3467,88,https://st.europharma.kz/cache/product/20229/160x160_5cf74077b7bc4.jpg,2
114,Бессмертника песчанного цветки 25 гр,15-Apr-22,371,67,https://st.europharma.kz/cache/product/21765/160x160_60c9ace821f2b.jpg,2
115,Витамин С+ Цинк № 10 табл. жев.,15-Apr-22,737,52,https://st.europharma.kz/cache/product/24581/160x160_5efc451dd3bd4.png,2
116,Кызыл Май ромашка № 20 фито чай,15-Apr-22,873,39,https://st.europharma.kz/cache/product/8710/160x160_1486.jpeg,2
117,Nestle смесь Peptamen лечебный с 10 лет 400 г,15-Apr-22,8913,10,https://st.europharma.kz/cache/product/10502/160x160_5f59fe267cdb6.png,2
118,"Ротафер Плюс, №30, капс.",15-Apr-22,3771,19,https://st.europharma.kz/cache/product/13574/160x160_5f55a7181c631.png,2
119,Витамин С+ Цинк № 20 табл. жев.,15-Apr-22,1262,12,https://st.europharma.kz/cache/product/24582/160x160_5fd1b63900a9d.jpg,2
120,"Подорожника лист 30 гр, фито чай",15-Apr-22,193,23,https://st.europharma.kz/cache/product/6151/160x160_2872.jpeg,2
121,"Золототысячника трава 30 гр, фито чай",15-Apr-22,486,11,https://st.europharma.kz/cache/product/7431/160x160_60c9ad772c780.jpg,2
1,Диклоберл N 75  3 мл № 5 амп,15-Apr-22,2037,53,https://st.europharma.kz/cache/product/256/160x160_5f02ec564c1b7.png,1
2,Циннаризин 25 мг № 50 табл,15-Apr-22,267,87,https://st.europharma.kz/cache/product/2304/160x160_1854.jpeg,1
3,АЦЦ Хот Дринк 3 гр № 6 пакетики,15-Apr-22,2874,99,https://st.europharma.kz/cache/product/3328/160x160_5ee88384b7c00.jpg,1
4,Инсти со вкусом лимона № 5 пакетики,15-Apr-22,676,76,https://st.europharma.kz/cache/product/4352/160x160_60221f7a9e20c.jpg,1
5,"Карвидил 12,5 мг, № 28, табл.",15-Apr-22,4034,58,https://st.europharma.kz/cache/product/4864/160x160_3237.jpeg,1
6,Нимесулид 100 мг № 20 табл,15-Apr-22,729,13,https://st.europharma.kz/cache/product/5120/160x160_5f6869307de2b.png,1
7,"Фурацилин 0,02 мг № 10 табл",15-Apr-22,78,97,https://st.europharma.kz/cache/product/7168/160x160_1027.jpeg,1
8,Тромбопол 150мг № 30 табл покр кишечнораст оболочкой,15-Apr-22,750,19,https://st.europharma.kz/cache/product/7680/160x160_5f113c3d286b3.png,1
9,Экзодерил 10 мл раствор,15-Apr-22,4492,31,https://st.europharma.kz/cache/product/8448/160x160_608690153d112.jpg,1
10,"Сердечно - сосудистый  1,0 гр, №20, фито чай, Planta Natura",15-Apr-22,219,58,https://st.europharma.kz/cache/product/9728/160x160_5fc76b60d7e89.jpg,1
11,Гексорал табс классик черносмородиновые № 16 табл,15-Apr-22,837,54,https://st.europharma.kz/cache/product/12544/160x160_5fe16c26e449d.jpg,1
12,Левояпс 5мг/мл 5 мл  капли глазные и ушные,15-Apr-22,2518,28,https://st.europharma.kz/cache/product/26112/160x160_5fb5087cbc7bc.jpg,1
13,JAIDEN'S гель для рук жидкие перчатки с экстрактом алоэ и д-пантенолом полоски 20 мл,15-Apr-22,564,27,https://st.europharma.kz/cache/product/37376/160x160_614d9f7b55126.jpg,1
14,Аргентокеа Мята 25 мл спрей для горла,15-Apr-22,3099,17,https://st.europharma.kz/cache/product/38656/160x160_61b985011785d.jpg,1
15,Трибестан 250 мг № 60 табл п/плён оболоч,15-Apr-22,9681,86,https://st.europharma.kz/cache/product/2305/160x160_5f1130ab4ccb4.png,1
16,Линкас Лор № 16 табл.д/рассасыв-я мята,15-Apr-22,540,33,https://st.europharma.kz/cache/product/4353/160x160_6010eed403a8c.jpg,1
17,"Карвидил 25 мг, № 28, табл.",15-Apr-22,5745,77,https://st.europharma.kz/cache/product/4865/160x160_5493.jpeg,1
18,Метронидазол 250 мг № 30 табл,15-Apr-22,441,18,https://st.europharma.kz/cache/product/7169/160x160_5f05718a2b1ac.png,1
19,"Тригрим 2,5 мг № 30 табл.",15-Apr-22,1759,42,https://st.europharma.kz/cache/product/7681/160x160_60e52b385b6f1.jpg,1
20,Аджисепт со вкусом апельсина № 24 леденцы,15-Apr-22,914,75,https://st.europharma.kz/cache/product/8193/160x160_231.jpeg,1
21,Сертозин раствор д/инъекций 1000 мг/4 мл № 5 амп,15-Apr-22,12652,50,https://st.europharma.kz/cache/product/9729/160x160_5f0c12008b876.png,1
22,Назоферон 100000 МЕ/мл 5 мл спрей назальный,15-Apr-22,3300,57,https://st.europharma.kz/cache/product/12033/160x160_5f647b0a77cc2.png,1
23,Гексорал табс классик медово-лимонные №16 табл,15-Apr-22,729,48,https://st.europharma.kz/cache/product/12545/160x160_5fe16a544eaec.jpg,1
24,Пан 40 мг № 20 табл покрытые оболочкой,15-Apr-22,2110,27,https://st.europharma.kz/cache/product/13057/160x160_5f3a298569814.png,1
25,"Дротаверина г/х 0,04 мг № 10 табл",15-Apr-22,88,74,https://st.europharma.kz/cache/product/13313/160x160_49622.jpeg,1
26,Фестал Н № 20 табл,15-Apr-22,796,21,https://st.europharma.kz/cache/product/14337/160x160_5f5f2eb221c69.jpg,1
27,Броцевин  сироп 150 мл,15-Apr-22,4420,21,https://st.europharma.kz/cache/product/19201/160x160_5cfe8480d017e.jpg,1
28,Монтемак 10мг №30,15-Apr-22,4344,34,https://st.europharma.kz/cache/product/19969/160x160_6194748620f64.jpg,1
29,Хуцин (Офлоксацин) 200 мг/100 мл,15-Apr-22,1561,74,https://st.europharma.kz/cache/product/27905/160x160_5fe2c8e855435.jpg,1
30,Нимесил 2 гр № 30 пакетики,15-Apr-22,4616,33,https://st.europharma.kz/cache/product/258/160x160_5f6868db77d09.png,1
153,"Цинк 10+С №20, табл. шип.",15-Apr-22,4330,61,https://st.europharma.kz/cache/product/17425/160x160_60532cd565cee.jpg,2
154,"L-Карнитин 500 мг, №60, капс.",15-Apr-22,7670,100,https://st.europharma.kz/cache/product/21009/160x160_5e04529e75384.jpg,2
155,Турбиотик Приантибиотик для регулирования микрофлоры кишечника  № 10 капс,15-Apr-22,1902,53,https://st.europharma.kz/cache/product/37137/160x160_614051506287f.jpg,2
156,Имутерра №30 табл,15-Apr-22,6248,81,https://st.europharma.kz/cache/product/14098/160x160_5f599e642648d.png,2
157,Турбиотик Кожа № 10 капс,15-Apr-22,3403,80,https://st.europharma.kz/cache/product/37138/160x160_614050cdcc0ca.jpg,2
158,К-эликсир 30 мл капли,15-Apr-22,4325,99,https://st.europharma.kz/cache/product/14099/160x160_5f55a1e081a8d.png,2
159,"Похудей апельсин Белла фито-чай 1,5 гр № 20 шт",15-Apr-22,453,98,https://st.europharma.kz/cache/product/27155/160x160_60c2ee85588b2.jpg,2
160,Седалин №30 капс,15-Apr-22,4769,49,https://st.europharma.kz/cache/product/14100/160x160_5f55a14f99c51.png,2
161,"Похудей смородина  Белла фито-чай 1,5 гр № 20 шт",15-Apr-22,397,34,https://st.europharma.kz/cache/product/27156/160x160_60c2ef70dc202.jpg,2
162,"Доппельгерц витал (Актив) витамины для больных диабетом №30, табл.",15-Apr-22,2247,56,https://st.europharma.kz/cache/product/2837/160x160_3661.jpeg,2
163,"9 месяцев Омегамама 0,7 г №30,капс",15-Apr-22,4007,27,https://st.europharma.kz/cache/product/3861/160x160_44616.jpeg,2
164,Спектрум №30 табл,15-Apr-22,3215,54,https://st.europharma.kz/cache/product/14101/160x160_53082.jpeg,2
165,"Blackmores Flaxseed Oil льняное масло (Омега-3,6и9) (Омега масла) №100",15-Apr-22,11434,39,https://st.europharma.kz/cache/product/16405/160x160_53025.jpeg,2
166,"КардиоАктив Таурин 0,6 гр 60 табл",15-Apr-22,2293,10,https://st.europharma.kz/cache/product/25365/160x160_600f960e76c02.png,2
167,Валериана 30 мг № 100 табл п/плён оболоч,15-Apr-22,1066,79,https://st.europharma.kz/cache/product/28181/160x160_5f8030e0d3940.png,2
168,Гамалате В6 № 60 табл п/о,15-Apr-22,3804,23,https://st.europharma.kz/cache/product/36117/160x160_611f2a43c4559.jpg,2
169,Кальция глюконат 10% 10 мл № 10 амп,15-Apr-22,1648,50,https://st.europharma.kz/cache/product/1046/160x160_5f031ee101533.png,2
170,"Слабительный сбор 50 гр, фито чай",15-Apr-22,226,36,https://st.europharma.kz/cache/product/6166/160x160_321.jpeg,2
171,Валериана 30 мг № 30 табл п/плён оболоч,15-Apr-22,475,24,https://st.europharma.kz/cache/product/28182/160x160_5f803095527e8.png,2
172,"Доппельгерц витал (Актив) магний+витамины группы В №30, табл.",15-Apr-22,2655,22,https://st.europharma.kz/cache/product/2839/160x160_607.jpeg,2
173,Blackmores Bio C 1000mg  био С (Витамин-С) (Противовирусное) №62,15-Apr-22,8130,19,https://st.europharma.kz/cache/product/16407/160x160_53054.jpeg,2
174,Вератрол S  № 30 капс,15-Apr-22,3463,34,https://st.europharma.kz/cache/product/27159/160x160_5f573f26080c5.png,2
175,Organic Farm цейлонский пекое крупнолистовой черный чай 200 г,15-Apr-22,1582,17,https://st.europharma.kz/cache/product/28951/160x160_5fd307cb4f5aa.jpg,2
176,Фемибион ® 1 917 мг № 28 табл,15-Apr-22,4357,54,https://st.europharma.kz/cache/product/39191/160x160_622af8569f231.png,2
177,Феррактин №30 капс,15-Apr-22,5627,35,https://st.europharma.kz/cache/product/14104/160x160_5f55a27d6d4a0.png,2
178,Organic Farm цейлонский пекое крупнолистовой черный чай 100 г,15-Apr-22,906,29,https://st.europharma.kz/cache/product/28952/160x160_5fd308a1c9f21.png,2
179,"От гриппа 50 гр, фито чай",15-Apr-22,241,18,https://st.europharma.kz/cache/product/6169/160x160_616e4a6b54047.png,2
180,Blackmores омега брэйн для мозга омега-3 (Омега масла) №60,15-Apr-22,16711,13,https://st.europharma.kz/cache/product/16409/160x160_5da6dfc398353.jpg,2
181,Varta батарейка Longlife Mignol 1.5V-LR06/AA 2шт,15-Apr-22,653,98,https://st.europharma.kz/cache/product/16896/160x160_5f5073fee71ae.jpg,7
182,Omron электромассажер E3 Intense,15-Apr-22,25858,78,https://st.europharma.kz/cache/product/25856/160x160_5ff587b0ce2c0.jpg,7
183,BY наушники ушки динамики 40 мм кабель 1.2 M 32О м картон,15-Apr-22,4026,86,https://st.europharma.kz/cache/product/38144/160x160_61a5b0c51d4e1.jpg,7
184,Шприц-ручка многократ. использ-я д/введения инсулина INSULine,15-Apr-22,9600,47,https://st.europharma.kz/cache/product/28162/160x160_5fd837c931183.jpg,7
185,Бинт эласт. трубчатый № 1х1 м,15-Apr-22,156,55,https://st.europharma.kz/cache/product/41730/160x160_6232e55796af0.png,7
186,Dailee пеленки одноразовые 60х60 № 10 шт,15-Apr-22,1311,51,https://st.europharma.kz/cache/product/32515/160x160_60a4e81e603d0.jpg,7
187,Бинт медицинский стер 7 м х12 см,15-Apr-22,84,40,https://st.europharma.kz/cache/product/35843/160x160_610a55e8cd9fe.jpg,7
188,Бинт эласт. трубчатый № 2х1 м,15-Apr-22,202,23,https://st.europharma.kz/cache/product/41731/160x160_6232e5e43f18d.jpg,7
189,Перчатки латекс смотр. VM неопудр.(6-7) S гладкие нест.,15-Apr-22,138,83,https://st.europharma.kz/cache/product/3588/160x160_5fed67f215b58.jpg,7
190,Биотуалет - 2 Мобильный туалет многофункциональный пластиковый 40в/50д/42ш см,15-Apr-22,10805,91,https://st.europharma.kz/cache/product/25604/160x160_5fe45f4c44d6f.jpg,7
191,AVA маска детская №1,15-Apr-22,749,89,https://st.europharma.kz/cache/product/29956/160x160_6025f78b79e52.jpg,7
192,Бинт эласт. трубчатый № 3х1 м,15-Apr-22,236,46,https://st.europharma.kz/cache/product/41732/160x160_6232e6662bcb9.jpg,7
193,STIL вкладыши противошумные для плавания силиконовая № 2 шт,15-Apr-22,992,99,https://st.europharma.kz/cache/product/517/160x160_59782.jpg,7
194,Бандаж дородовой Мария размер 1,15-Apr-22,3372,58,https://st.europharma.kz/cache/product/20485/160x160_5cfe879615ee0.jpg,7
195,Dailee пеленки одноразовые 60х60 № 30 шт,15-Apr-22,3520,21,https://st.europharma.kz/cache/product/32517/160x160_60a4e83a2799e.jpg,7
196,Бинт эласт. трубчатый № 4х1 м,15-Apr-22,283,96,https://st.europharma.kz/cache/product/41733/160x160_6232e6a8dfdd7.webp,7
197,STIL вкладыши противошумные силиконовая № 4 шт,15-Apr-22,1035,34,https://st.europharma.kz/cache/product/518/160x160_59783.jpg,7
198,Перчатки латекс смотр. VM неопудр.(8-9) L гладкие нест.,15-Apr-22,138,10,https://st.europharma.kz/cache/product/3590/160x160_44735.jpeg,7
199,Марлевая повязка четырех слойная,15-Apr-22,120,53,https://st.europharma.kz/cache/product/27398/160x160_5fed697c6604d.jpg,7
200,Dailee трусы Pant Premium Small одноразовые для взрослых № 14 шт,15-Apr-22,4852,61,https://st.europharma.kz/cache/product/32518/160x160_60a4e8b2b5ad9.jpg,7
201,Бинт эласт. трубчатый № 5х1 м,15-Apr-22,302,16,https://st.europharma.kz/cache/product/41734/160x160_6232e70110889.jpg,7
202,Dailee трусы Pant Premium Medium одноразовые для взрослых № 14 шт,15-Apr-22,5059,15,https://st.europharma.kz/cache/product/32519/160x160_60a4e8982ff3e.jpg,7
203,Бинт эласт. трубчатый № 6х1 м,15-Apr-22,374,68,https://st.europharma.kz/cache/product/41735/160x160_6232e72aea210.png,7
204,AVA маска 3 в 1,15-Apr-22,2240,63,https://st.europharma.kz/cache/product/29960/160x160_602a02be842b2.jpg,7
205,Dailee трусы Pant Premium Lardge одноразовые для взрослых № 14 шт,15-Apr-22,5533,70,https://st.europharma.kz/cache/product/32520/160x160_60a4e8f5d1be2.jpg,7
206,Бинт эласт. трубчатый №3,15-Apr-22,48,47,https://st.europharma.kz/cache/product/41736/160x160_6232e7900e65e.jpg,7
207,"Перчатки нитрил смотровые VM неопуд. (6-7) S нест, текстур",15-Apr-22,114,35,https://st.europharma.kz/cache/product/3593/160x160_605310e8a3cbe.jpg,7
208,"Противорадикулитный пояс ""velcro"" модель 105, размер 5 (XXXL)",15-Apr-22,2834,70,https://st.europharma.kz/cache/product/9737/160x160_5fffd37f3f50a.jpg,7
209,Dailee трусы Pant Premium Extra Lardge одноразовые для взрослых № 14 шт,15-Apr-22,6029,56,https://st.europharma.kz/cache/product/32521/160x160_60a4e87c79c58.jpg,7
264,"Omron тонометр М2 Classic (манжета 22-42 см, адаптер) автомат. на плечо",15-Apr-22,27084,13,https://st.europharma.kz/cache/product/14385/160x160_53643.jpeg,7
265,"Корсет лечебно-профилактический эластичный МеdTextile арт 3011, XL",15-Apr-22,17793,28,https://st.europharma.kz/cache/product/19761/160x160_5fc3795c7745c.jpg,7
266,Марля медицинская х/б отб н/с 10 м Х 90 см FAZO-LUXE,15-Apr-22,772,92,https://st.europharma.kz/cache/product/28721/160x160_60139a115dced.jpg,7
267,Спринцовка пластизольная ПВХ Тип Б-15 (450 мл),15-Apr-22,499,62,https://st.europharma.kz/cache/product/36145/160x160_616fea6894c67.jpg,7
268,Экспресс-тест(струйный) для диагностики беременности,15-Apr-22,995,41,https://st.europharma.kz/cache/product/9266/160x160_5f5b38df3030a.png,7
269,"Корсет лечебно-профилактический эластичный МеdTextile арт 3011, XXL",15-Apr-22,17793,70,https://st.europharma.kz/cache/product/19762/160x160_58498.jpg,7
270,Маска тканевая детская (многоразовая) 2-х слойная для защиты органов дыхания,15-Apr-22,580,18,https://st.europharma.kz/cache/product/27442/160x160_5fb65e26e64a3.jpg,7
271,Nestle NAN Expert Pro Антиаллергия сухая смесь банка 400г,15-Apr-22,8942,39,https://st.europharma.kz/cache/product/35310/160x160_61af0eedafd0a.png,8
272,Gerber сок яблоко для детей 175 мл,15-Apr-22,839,71,https://st.europharma.kz/cache/product/5659/160x160_61af0f237a3bd.png,8
273,Gerber сок яблочно-марковный для детей с 5 месяцев 175 мл,15-Apr-22,839,70,https://st.europharma.kz/cache/product/5660/160x160_61af0fb8b6f84.png,8
274,Nestle каша овсяная с грушей и бананом молочная детская 220 гр,15-Apr-22,1120,74,https://st.europharma.kz/cache/product/26428/160x160_61af0ff01adae.png,8
275,Nestle каша мультизлаковая с бананом  молочная для детей с 8 месяцев 220 г,15-Apr-22,1120,86,https://st.europharma.kz/cache/product/26220/160x160_61af102d58519.png,8
276,Nestle Смесь Nan 2 Optipro молочная для детей с 6 месяцев 800 г,15-Apr-22,6867,89,https://st.europharma.kz/cache/product/6514/160x160_61af106d20633.png,8
277,Nestogen смесь 2 с пребиотиками и лактобактериями 1050 г,15-Apr-22,6037,35,https://st.europharma.kz/cache/product/25728/160x160_61af10a10eff3.png,8
278,Gerber пюре морковь для детей с 4 месяцев 80 г,15-Apr-22,458,82,https://st.europharma.kz/cache/product/16557/160x160_61af10da60490.png,8
279,Gerber пюре брокколи для детей с 4 месяцев 80 г,15-Apr-22,458,10,https://st.europharma.kz/cache/product/16307/160x160_61af111ed4278.png,8
280,Gerber пюре цветная капуста для детей с 4 месяцев 80 г,15-Apr-22,458,84,https://st.europharma.kz/cache/product/16308/160x160_61af11496172a.png,8
281,Nestle смесь Nestogen 1 молочная для детей с 0 месяцев 300 г,15-Apr-22,2133,16,https://st.europharma.kz/cache/product/27606/160x160_61af1198b5328.png,8
282,Nestle смесь Nestogen 1  молочная для детей с 0 месяцев 600 г,15-Apr-22,3820,27,https://st.europharma.kz/cache/product/27642/160x160_61af11c793b81.png,8
283,Nestle смесь Nestogen 3  молочная для детей с 12 месяцев 600 г,15-Apr-22,3820,40,https://st.europharma.kz/cache/product/27644/160x160_61af11eeb2bf2.png,8
284,Similac молочная смесь классик 3 600 г,15-Apr-22,3509,21,https://st.europharma.kz/cache/product/24629/160x160_61af289d95d29.png,8
285,Бепантен 5% д/наруж применения 100 гр мазь,15-Apr-22,5038,85,https://st.europharma.kz/cache/product/5632/160x160_5efb15dd65040.png,8
286,Nutrilon каша молочная мультизлаковая банан и черная смородина для детей с 6 месяцев 200 г,15-Apr-22,1645,81,https://st.europharma.kz/cache/product/27136/160x160_61b1caebe6c4d.png,8
287,Schauma Kids Детский шампунь-бальзам для мальчиков 350 мл,15-Apr-22,857,84,https://st.europharma.kz/cache/product/28416/160x160_5fb356833ac47.jpg,8
288,PLAN TOYS набор по уходу за питомцем 3491,15-Apr-22,9794,17,https://st.europharma.kz/cache/product/28928/160x160_5ff822510ed80.jpg,8
289,JAQSI PRODUCTS МЁД СВЕТЛЫЙ 360 г,15-Apr-22,2240,60,https://st.europharma.kz/cache/product/29952/160x160_61b08ff865577.jpg,8
290,Трактор Fendt с прицепом для бревен,15-Apr-22,3353,78,https://st.europharma.kz/cache/product/35584/160x160_614429904a3e8.jpg,8
291,"Соска- пустышка ""Canpol"" Animals круглая латексная А от 0 до 6 мес 22/593",15-Apr-22,1012,79,https://st.europharma.kz/cache/product/38912/160x160_61e8eec31f503.jpg,8
292,Nutrilon каша молочная мультизлаковая яблоко и банан для детей с 6 месяцев 200 г,15-Apr-22,1645,87,https://st.europharma.kz/cache/product/27137/160x160_61af29edc2295.png,8
293,PLAN TOYS сюжетно-ролевая игра «Зубной врач» 3493,15-Apr-22,10860,40,https://st.europharma.kz/cache/product/28929/160x160_5ff8227ce1d9c.jpg,8
294,JAQSI PRODUCTS МЁД ТЕМНЫЙ 360 г,15-Apr-22,2240,13,https://st.europharma.kz/cache/product/29953/160x160_61b09015dbfa5.jpg,8
295,Happy Care Поильник с трубочкой и лентой мишка,15-Apr-22,3685,48,https://st.europharma.kz/cache/product/33793/160x160_61a9f3149f357.png,8
296,Трактор John Deere с манипулятором,15-Apr-22,3353,26,https://st.europharma.kz/cache/product/35585/160x160_614429ed3ca1b.jpg,8
297,Happy Care Поильник непроливайка с силиконовым носиком 180 мл,15-Apr-22,1808,46,https://st.europharma.kz/cache/product/33794/160x160_61a9f465e6382.png,8
298,Экскаватор гидравлический Liebherr (1:87),15-Apr-22,7183,75,https://st.europharma.kz/cache/product/35586/160x160_614811dcc14e0.jpg,8
299,Heinz печенье с яблоком детское для детей с 5 месяцев 160 г,15-Apr-22,981,95,https://st.europharma.kz/cache/product/2051/160x160_5fc87a721aaa2.jpg,8
300,Агуша компот клубника-яблоко-черноплодная рябина для детей с 6 месяцев 200 мл,15-Apr-22,235,78,https://st.europharma.kz/cache/product/22275/160x160_61af2cf8eab42.png,8
301,Pigeon салфетки влажные детские для рук и рта  № 70 шт,15-Apr-22,1293,77,https://st.europharma.kz/cache/product/26627/160x160_5f4f136c47034.jpg,8
302,Happy Care Поильник непроливайка с силиконовой трубочкой и лентой 380 мл,15-Apr-22,4004,80,https://st.europharma.kz/cache/product/33795/160x160_61a9f4e65c081.png,8
303,Спорткар BMW i8 LCI,15-Apr-22,3727,93,https://st.europharma.kz/cache/product/35587/160x160_61442a2bee7ea.jpg,8
304,Chicco молокоотсос ручной,15-Apr-22,13500,35,https://st.europharma.kz/cache/product/9988/160x160_5fb4cd5183020.jpg,8
305,Gerber пюре 4 фрукта для детей с 6 месяцев 90 г,15-Apr-22,606,52,https://st.europharma.kz/cache/product/16388/160x160_61af2a4d6a78e.png,8
306,"Фрутоняня нектар Морковный с мякотью с сахаром 0,2 л",15-Apr-22,195,43,https://st.europharma.kz/cache/product/22532/160x160_61af2c06e6237.png,8
307,Happy Care Поильник непроливайка с силиконовой трубочкой и ручками,15-Apr-22,3872,85,https://st.europharma.kz/cache/product/33796/160x160_61b2d9de14bbf.jpg,8
308,Танк 0870,15-Apr-22,1208,63,https://st.europharma.kz/cache/product/35588/160x160_6144293bdf122.jpg,8
309,Gerber пюре яблоко банан для детей с 6 месяцев 90 г,15-Apr-22,606,24,https://st.europharma.kz/cache/product/16389/160x160_61af2c304998b.png,8
310,"Фрутоняня нектар тыквенный с мякотью 0,2 л",15-Apr-22,195,30,https://st.europharma.kz/cache/product/22533/160x160_61af2c51cdca2.png,8
311,Агуша пюре яблоко-тыква-персик-банан для детей с 6 месяцев 90 г,15-Apr-22,356,10,https://st.europharma.kz/cache/product/27397/160x160_61b1ca61b3f59.png,8
312,Happy Care Поильник спортивный с силиконовой трубочкой,15-Apr-22,2195,25,https://st.europharma.kz/cache/product/33797/160x160_61b2dbbb3197b.jpg,8
313,Gerber пюре яблоко для детей с 4 месяцев 90 г,15-Apr-22,606,28,https://st.europharma.kz/cache/product/16390/160x160_61af2c7a5c756.png,8
314,Johnson's baby молочко нежность хлопка 200 мл,15-Apr-22,1573,50,https://st.europharma.kz/cache/product/26886/160x160_5fb4e1bd191f7.jpg,8
315,Солнце и луна подгузники мягкая забота 3/M 4-9 кг для детей № 78 шт,15-Apr-22,3463,80,https://st.europharma.kz/cache/product/27910/160x160_5f4f30e30d9e0.jpg,8
316,Happy Care Поильник непроливайка с твердым носиком и удобными ручками,15-Apr-22,2997,50,https://st.europharma.kz/cache/product/33798/160x160_61b2da9863154.jpg,8
317,Kabrita каша 7 злаков с бананом 180 г,15-Apr-22,2981,98,https://st.europharma.kz/cache/product/263/160x160_61ade3f5972ca.png,8
318,Chicco назальный аспиратор 0+,15-Apr-22,1921,86,https://st.europharma.kz/cache/product/9991/160x160_5f5222f42f5e6.png,8
319,Bio Elite фруктово-ореховый батончик лён BE OK 30 гр,15-Apr-22,243,35,https://st.europharma.kz/cache/product/24583/160x160_5cb9956cbccaf.png,8
320,Avent бутылочка Airflex Natutal №1 330 мл,15-Apr-22,5526,52,https://st.europharma.kz/cache/product/25863/160x160_5f522584a6bfc.png,8
321,Piko Pulpy апельсин пэт 500 мл,15-Apr-22,359,27,https://st.europharma.kz/cache/product/26631/160x160_5e2fb249be74e.png,8
322,Johnson's baby масло нежность хлопка 200 мл,15-Apr-22,1690,12,https://st.europharma.kz/cache/product/26887/160x160_61ea8fdd22031.png,8
323,Happy Care Поильник непроливайка с силиконовой трубочкой и удобными ручками 200 мл,15-Apr-22,2997,46,https://st.europharma.kz/cache/product/33799/160x160_61b2da335740b.jpg,8
324,Camera соска запаска (40332),15-Apr-22,196,74,https://st.europharma.kz/cache/product/10248/160x160_5d7d5c5f35013.jpg,8
325,"Nip соска для бутылочки, латекс, размер 1 ""Cherry"" размер 1 (0+)",15-Apr-22,1627,73,https://st.europharma.kz/cache/product/19720/160x160_6215b4458e7c8.jpg,8
326,"Агуша Агуша Фруктовое пюре ""Мультифрукт"" с 6 мес. 90г",15-Apr-22,329,48,https://st.europharma.kz/cache/product/20232/160x160_61af2b168e51c.png,8
327,Bio Elite фруктово-ореховый батончик банан BE OK 30 гр,15-Apr-22,243,74,https://st.europharma.kz/cache/product/24584/160x160_5cb9952ceb746.png,8
328,Avent бутылочка Airflex Natutal №1 125 мл,15-Apr-22,4103,78,https://st.europharma.kz/cache/product/25864/160x160_5f522540502fc.png,8
329,Fuse Tea манго ананас пэт 500 мл,15-Apr-22,263,78,https://st.europharma.kz/cache/product/26632/160x160_5e2fb5d20265f.png,8
330,Johnson's baby салфетки нежнесть хлопка № 56 шт,15-Apr-22,1072,56,https://st.europharma.kz/cache/product/26888/160x160_5fb7448609fbb.jpg,8
331,Happy Care Поильник с силиконовым носиком и ручками 180 мл,15-Apr-22,2997,25,https://st.europharma.kz/cache/product/33800/160x160_61b2db0232477.jpg,8
332,"DALA FRUIT Яблочный сок прямого отжима в стеклянной таре 0,3 л",15-Apr-22,415,50,https://st.europharma.kz/cache/product/35592/160x160_610be022f176c.jpg,8
333,Similac молочная смесь Комфорт 1  от 0 до 6 месяцев 375 гр,15-Apr-22,5018,73,https://st.europharma.kz/cache/product/1033/160x160_5fc8c24d6aa18.jpg,8
334,Chicco пустышка силикон Comfort Soother  4+ розовая,15-Apr-22,1808,37,https://st.europharma.kz/cache/product/10505/160x160_57979.jpeg,8
335,Huggies трусики 6 (16-22 кг) для девочек № 44 шт,15-Apr-22,8655,37,https://st.europharma.kz/cache/product/19977/160x160_5f716e8eeb8a0.jpeg,8
336,Bio Elite фруктово-ореховый батончик кокос BE OK 30 гр,15-Apr-22,243,39,https://st.europharma.kz/cache/product/24585/160x160_5cb9955a8c9e7.png,8
337,Medela Пакеты для сбора и хранения молока 25 штук,15-Apr-22,4796,16,https://st.europharma.kz/cache/product/25097/160x160_5f521f036935d.png,8
338,Avent бутылочка Anti colic для детей с 0 месяцев 125 мл,15-Apr-22,3076,24,https://st.europharma.kz/cache/product/25865/160x160_5db903d2a82b4.jpg,8
339,Fuse Tea манго ромашка пэт 500 мл,15-Apr-22,236,77,https://st.europharma.kz/cache/product/26633/160x160_5e2fb5b6320e9.png,8
340,TRUNKI Чемодан на колесиках Груффало,15-Apr-22,25352,77,https://st.europharma.kz/cache/product/28937/160x160_5ffea994d9b1a.jpg,8
341,Happy Care Набор первых зубных щеток,15-Apr-22,3485,51,https://st.europharma.kz/cache/product/33801/160x160_61b2d8095a62b.jpg,8
342,Малютка воздушные злаки мультизлаковые  дойпак 60 гр № 6 шт,15-Apr-22,669,95,https://st.europharma.kz/cache/product/37129/160x160_616c1b1de289a.jpeg,8
343,"Агуша вода для детей 0,33 л",15-Apr-22,228,36,https://st.europharma.kz/cache/product/5898/160x160_5cd11f289b2d0.jpg,8
344,Bio Elite фруктово-ореховый батончик клюква BE OK 30 гр,15-Apr-22,243,89,https://st.europharma.kz/cache/product/24586/160x160_5cb9954bc083f.png,8
345,Medela Пакеты для сбора и хранения молока 50 штук,15-Apr-22,7884,14,https://st.europharma.kz/cache/product/25098/160x160_5cf3f5260dec4.jpg,8
346,Avent бутылочка Anti colic для детей с 1 месяца 260 мл,15-Apr-22,3509,51,https://st.europharma.kz/cache/product/25866/160x160_5d7562ce75f85.jpg,8
347,Johnson's baby пенка шампунь нежность хлопка 300 мл,15-Apr-22,1669,48,https://st.europharma.kz/cache/product/26890/160x160_5f648391cb2c1.png,8
348,Агуша хлебцы рисовые мини с грушевым соком 30 г,15-Apr-22,327,71,https://st.europharma.kz/cache/product/27658/160x160_5f5093f20c601.jpg,8
349,Happy Care Соска силиконовая средний поток 2 шт,15-Apr-22,2072,49,https://st.europharma.kz/cache/product/32522/160x160_609b8efd3b02b.jpg,8
350,Малютка воздушные злаки кукуруза банан дойпак 60 гр № 6 шт,15-Apr-22,669,91,https://st.europharma.kz/cache/product/37130/160x160_61405569e85a1.jpg,8
351,Nuk аспиратор для чистки носа,15-Apr-22,2775,67,https://st.europharma.kz/cache/product/2827/160x160_5f51e455cdc04.png,8
352,"Chicco погремушка ""Морские животные"" 3 м+",15-Apr-22,3165,80,https://st.europharma.kz/cache/product/9995/160x160_5c760520ab7a6.jpeg,8
353,Малютка каша гречневая молочная для детей с 4 месяцев 220 г,15-Apr-22,1097,18,https://st.europharma.kz/cache/product/12811/160x160_46229.jpeg,8
354,Bio Elite фруктово-ореховый батончик арахис BE OK 30 гр,15-Apr-22,243,74,https://st.europharma.kz/cache/product/24587/160x160_5cb9951bacccd.png,8
355,Avent бутылочка Anti-colic для детей с 3 месяцев 330 мл,15-Apr-22,4103,33,https://st.europharma.kz/cache/product/25867/160x160_5f522502445c1.png,8
356,Nestle батончик Nesquik молочная 28 г,15-Apr-22,107,39,https://st.europharma.kz/cache/product/26123/160x160_5fc77a703da7f.jpg,8
357,Агуша хлебцы рисовые мини с ягодным соком 30 г,15-Apr-22,327,78,https://st.europharma.kz/cache/product/27659/160x160_5f50940c3336b.jpg,8
358,TRUNKI Рюкзак для бассейна и пляжа Коралловая рыбка,15-Apr-22,12126,29,https://st.europharma.kz/cache/product/28939/160x160_5fe42399e780d.jpg,8
359,Happy Care Соска силиконовая быстрый поток 2 шт,15-Apr-22,2072,82,https://st.europharma.kz/cache/product/32523/160x160_609b8ea68e1b0.jpg,8
360,Happy Care Прокладки для груди 60 шт,15-Apr-22,4180,67,https://st.europharma.kz/cache/product/33803/160x160_61b2dc686b2c2.jpg,8
361,Nuxe крем ночной для всех типов кожи Nuxuriance 50 мл,15-Apr-22,14979,44,https://st.europharma.kz/cache/product/1536/160x160_5f648834444b2.png,9
362,Splat зубная нить тонкая мятная с волокнами серебра 30 м,15-Apr-22,1247,15,https://st.europharma.kz/cache/product/4096/160x160_61c945d56193c.jpg,9
363,Kotex тампоны Super № 32 шт,15-Apr-22,1904,40,https://st.europharma.kz/cache/product/4608/160x160_5f6322709f4ad.png,9
364,Nuxe сыворотка для всех типов кожи 30 мл,15-Apr-22,10018,46,https://st.europharma.kz/cache/product/11008/160x160_59963.jpeg,9
365,Aura ватные диски № 120 шт,15-Apr-22,361,66,https://st.europharma.kz/cache/product/11776/160x160_27502.jpeg,9
366,З/щ Colgate Massager,15-Apr-22,903,69,https://st.europharma.kz/cache/product/24064/160x160_61bffaf60b1a4.jpg,9
367,Nivea Мицеллярное молочко-тоник+роз.вода MAKE-UP EXPERT 200мл,15-Apr-22,1204,79,https://st.europharma.kz/cache/product/24576/160x160_5cf572c1515d2.jpg,9
368,"Гель для душа ""ULTRA"" 250мл",15-Apr-22,1014,89,https://st.europharma.kz/cache/product/27392/160x160_5f75ad7611994.jpg,9
369,Biotherm гель мужской очищающий FACIAL CLEANSING GEL для нормальной кожи 150 мл,15-Apr-22,12398,91,https://st.europharma.kz/cache/product/32000/160x160_614071554ebef.jpg,9
210,Тест на овуляцию W-Plan Premium,15-Apr-22,2943,51,https://st.europharma.kz/cache/product/36105/160x160_6144628716fe2.jpg,7
211,"Biotherm термометр ""Зайчик"" воздушный",15-Apr-22,428,57,https://st.europharma.kz/cache/product/9226/160x160_5f520fe854af2.png,7
212,MediOk® Перчатки одноразовые из термопластичного эластомера р-р M бесцветные,15-Apr-22,36,80,https://st.europharma.kz/cache/product/29962/160x160_602a0b53787eb.jpg,7
213,Пластырь бактерицидный НимПласт 19х72 мм №100,15-Apr-22,897,20,https://st.europharma.kz/cache/product/19211/160x160_60123e742a798.jpg,7
214,MediOk® Перчатки одноразовые из термопластичного эластомера р-р L бесцветные,15-Apr-22,36,67,https://st.europharma.kz/cache/product/29963/160x160_602a0b238391a.jpg,7
215,Тест на определение гестационной недели W-Test,15-Apr-22,1898,65,https://st.europharma.kz/cache/product/36107/160x160_616fe4c5c597e.jpg,7
216,Бинт эласт. трубчатый №2,15-Apr-22,44,79,https://st.europharma.kz/cache/product/41739/160x160_6232e758820a3.jpg,7
217,MediOk® Перчатки одноразовые из термопластичного эластомера р-р XL бесцветные,15-Apr-22,42,66,https://st.europharma.kz/cache/product/29964/160x160_602a0b3f2fdd0.jpg,7
218,Seni care для ухода тела эмульсия 4% для сухой кожи 500 мл,15-Apr-22,3091,95,https://st.europharma.kz/cache/product/33804/160x160_60cc236c0cc7d.jpg,7
219,Перчатки смотровые р-р М нест,15-Apr-22,105,27,https://st.europharma.kz/cache/product/8719/160x160_3269.jpeg,7
220,Seni care пенка для мытья и ухода NEW 500 мл,15-Apr-22,2303,20,https://st.europharma.kz/cache/product/33808/160x160_60cc23e5216a8.jpg,7
221,Happy Care Термометр для воды рыбка,15-Apr-22,1221,90,https://st.europharma.kz/cache/product/32530/160x160_609b7ef46ac85.jpg,7
222,Пульсоксиметр M170/0162,15-Apr-22,8100,35,https://st.europharma.kz/cache/product/36116/160x160_6170fd597ded8.jpg,7
223,"Шприц инсулин. 1 мл, (Хаят) со съем.иглой",15-Apr-22,32,92,https://st.europharma.kz/cache/product/17431/160x160_60505fd4d54bb.jpg,7
224,Вата Малыш&amp;Малышка нестерильная 25 гр,15-Apr-22,89,35,https://st.europharma.kz/cache/product/8729/160x160_1335.jpeg,7
225,Экспресс-тест для определения антигена на Ковид-19 в образце из носоглотки человека GA CoV-2 Antigen Rapid,15-Apr-22,3441,50,https://st.europharma.kz/cache/product/38169/160x160_6194b74f7da8a.jpg,7
226,Вата Малыш&amp;Малышка нестерильная 50 г,15-Apr-22,164,80,https://st.europharma.kz/cache/product/8730/160x160_3063.jpeg,7
227,Omron ингалятор С101 Essential компрессорный,15-Apr-22,22119,59,https://st.europharma.kz/cache/product/27162/160x160_5ff58d17eea00.jpg,7
228,Happy Care Термометр для воды жираф,15-Apr-22,1866,61,https://st.europharma.kz/cache/product/32538/160x160_609b712f224f9.jpg,7
229,"Верофарм лейкопластырь1,9х7,2 влагостойкий бактерицидный № 20 шт",15-Apr-22,726,90,https://st.europharma.kz/cache/product/15388/160x160_5fb4a68c81a17.jpg,7
230,AVA  маска под №1,15-Apr-22,877,68,https://st.europharma.kz/cache/product/28956/160x160_5fcdcdc52c41a.jpg,7
231,Бинт эластичный трубчатый №1,15-Apr-22,72,80,https://st.europharma.kz/cache/product/1309/160x160_5fed6b379bff8.jpg,7
232,Вата стерильная 50 г,15-Apr-22,119,22,https://st.europharma.kz/cache/product/8733/160x160_861.jpeg,7
233,Пульсоксиметр А310,15-Apr-22,9180,78,https://st.europharma.kz/cache/product/37917/160x160_617a76c5d5238.jpg,7
234,Omron ингалятор C 803- Е компрессорный,15-Apr-22,20312,89,https://st.europharma.kz/cache/product/288/160x160_5ff58e3e84654.jpg,7
235,Тест- полоски Акку чек Актив в комплекте+ланцеты №25х2,15-Apr-22,7016,85,https://st.europharma.kz/cache/product/39201/160x160_622313ed37060.jpg,7
236,"Шприц 10,0 (3-комп.)""migpharm"" черная игла 22G, блистер",15-Apr-22,19,63,https://st.europharma.kz/cache/product/25380/160x160_5d138e054c008.jpg,7
237,"Подгузник трусики ""Canpol"" для мам №5 XL 9/600",15-Apr-22,1640,21,https://st.europharma.kz/cache/product/37668/160x160_616fd5f7337f0.jpg,7
238,Бинт марлевый 5х10 нест,15-Apr-22,155,92,https://st.europharma.kz/cache/product/1318/160x160_5fed6bcac77bb.jpg,7
239,Xiaomi электрический самокат Mi Electric Scooter 1S black коробка,15-Apr-22,234000,28,https://st.europharma.kz/cache/product/37158/160x160_6170eaa515b29.jpg,7
240,Костыль с подмышечной опорой деревянный пара FS 935 L,15-Apr-22,8791,18,https://st.europharma.kz/cache/product/19751/160x160_611f62f955344.jpg,7
241,FAZO-LUXE Марля медицинская хлопчатобумажная отб.нестр. 2м х 90см,15-Apr-22,165,80,https://st.europharma.kz/cache/product/28199/160x160_60139ae5dd785.jpg,7
242,FAZO-LUXE Марля медицинская хлопчатобумажная отб.нестр. 3м х 90см,15-Apr-22,238,56,https://st.europharma.kz/cache/product/28200/160x160_60139a9391240.jpg,7
243,Глюкометр Сателлит Экспресс с полоской электрохим. однокр. примПКГ-03 +Скарификатор Biolancet мод. T,15-Apr-22,8654,48,https://st.europharma.kz/cache/product/553/160x160_59922.png,7
244,Бинт эластичный трубчатый №5,15-Apr-22,119,21,https://st.europharma.kz/cache/product/1321/160x160_442.jpeg,7
245,"Подгузник трусики ""Canpol"" для мам №5 L 9/599",15-Apr-22,2128,58,https://st.europharma.kz/cache/product/20521/160x160_5cfe8f0b902dc.jpg,7
246,Realme весы smart scale RMH2011 blue картон,15-Apr-22,19030,96,https://st.europharma.kz/cache/product/36137/160x160_6135b0ebc223e.jpg,7
247,Бинт эластичный трубчатый №4,15-Apr-22,102,76,https://st.europharma.kz/cache/product/1322/160x160_1128.jpeg,7
248,Realme весы smart scale RMH2011 white картон,15-Apr-22,19030,47,https://st.europharma.kz/cache/product/36138/160x160_6135b32f64c27.jpg,7
249,Спринцовка ПВХ А №11,15-Apr-22,1013,62,https://st.europharma.kz/cache/product/15403/160x160_3748.jpeg,7
250,Перчатки неопудренные Naz Care смотровые нитриловые н/с р-р M пара,15-Apr-22,134,69,https://st.europharma.kz/cache/product/31788/160x160_616e9e2dddc9d.jpg,7
251,"Корректор осанки эластичный с ребрами жесткости, МеdTextile арт 2011 M",15-Apr-22,7793,28,https://st.europharma.kz/cache/product/19757/160x160_58485.jpg,7
252,Спринцовка пластизольная ПВХ Тип А-20 (600 мл),15-Apr-22,614,82,https://st.europharma.kz/cache/product/36141/160x160_61372c323f4da.jpg,7
253,Omron тонометр М2 Basic (манжета 22-32 см) автомат. на плечо,15-Apr-22,18959,54,https://st.europharma.kz/cache/product/14382/160x160_5ff59cca2f879.jpg,7
254,"Корректор осанки эластичный с ребрами жесткости, МеdTextile арт 2011 XXL",15-Apr-22,7793,99,https://st.europharma.kz/cache/product/19758/160x160_58488.jpg,7
255,Omron тонометр М3 Comfort (манжета 22-42 см) автомат. на плечо,15-Apr-22,30244,45,https://st.europharma.kz/cache/product/2095/160x160_58903.jpeg,7
256,Frautest тест Double control для определения беременности  № 2 шт,15-Apr-22,788,42,https://st.europharma.kz/cache/product/7471/160x160_5efb8ee25aa08.png,7
257,Колготки мед.эласт.компр. проф. для беременных 0405 раз.2 рост 1 черн.,15-Apr-22,4485,44,https://st.europharma.kz/cache/product/13359/160x160_5fed761d9bc75.jpg,7
258,"Корсет лечебно-профилактический эластичный МеdTextile арт 3011, L",15-Apr-22,17793,29,https://st.europharma.kz/cache/product/19759/160x160_58494.jpg,7
259,Спринцовка пластизольная ПВХ Тип А-6 (180 мл),15-Apr-22,371,25,https://st.europharma.kz/cache/product/36143/160x160_61372bc74eede.jpg,7
260,"Корсет лечебно-профилактический эластичный МеdTextile арт 3011, M",15-Apr-22,17793,73,https://st.europharma.kz/cache/product/19760/160x160_58495.jpg,7
261,Спринцовка пластизольная ПВХ Тип А-12 (360 мл),15-Apr-22,463,70,https://st.europharma.kz/cache/product/36144/160x160_61372b5b7a050.jpg,7
262,Пипетка травмобезопасная,15-Apr-22,27,85,https://st.europharma.kz/cache/product/8753/160x160_3065.jpeg,7
263,Экспресс-тест(полоска) для диагности периода овуляции №5+экспресс-тест(полоска) для диагн беремен №1,15-Apr-22,1959,83,https://st.europharma.kz/cache/product/9265/160x160_48043.jpeg,7
370,Palmer's лосьон успокаивающий д/тела с конопляным маслом 235 мл 4680-6,15-Apr-22,3568,74,https://st.europharma.kz/cache/product/36864/160x160_6135a94b6812a.jpg,9
371,Nuxe сыворотка для всех типов кожи Nuxuriance 30 мл,15-Apr-22,15844,83,https://st.europharma.kz/cache/product/1537/160x160_8388.jpeg,9
372,Splat зубная паста Black Wood отбеливающая 75 мл,15-Apr-22,1643,27,https://st.europharma.kz/cache/product/4097/160x160_45889.jpeg,9
373,Ola прокладки супертонкие белый пион ежедневные № 20 шт,15-Apr-22,256,65,https://st.europharma.kz/cache/product/4609/160x160_5f5208b882315.png,9
374,Nuxe флюид для комбинированной кожи 50 мл,15-Apr-22,9333,14,https://st.europharma.kz/cache/product/11009/160x160_59932.jpeg,9
375,Nuxe крем насыщенный дневной для сухой кожи Nuxuriance Ultra EX02221,15-Apr-22,14979,74,https://st.europharma.kz/cache/product/14081/160x160_53029.jpeg,9
376,Biolane крем увлажняющий на основе оливкового масла CRÈME HYDRATANTE HUILE D'OLIVE 100 мл,15-Apr-22,2784,17,https://st.europharma.kz/cache/product/17665/160x160_61623.jpeg,9
377,"Nivea Крем дневной ""Энергия молодости 45"" 50мл",15-Apr-22,1845,52,https://st.europharma.kz/cache/product/24577/160x160_616e364f1d598.png,9
378,Банька настой Тонизирующий сбор для сауны бани ванны 250 мл,15-Apr-22,956,35,https://st.europharma.kz/cache/product/26369/160x160_5f4e0cffb37ac.jpg,9
379,Шампунь-гель Nivea Men Освежающий 3в1 250мл,15-Apr-22,837,50,https://st.europharma.kz/cache/product/27393/160x160_5fb4f0c04da13.jpg,9
380,Biotherm гель для бритья мужской SHAVING GEL для нормальной кожи 150 мл,15-Apr-22,10596,88,https://st.europharma.kz/cache/product/32001/160x160_61b1bb9babe84.jpg,9
381,Avene ночной крем Cleanance Woman картон 30 мл,15-Apr-22,8817,25,https://st.europharma.kz/cache/product/36097/160x160_611e303e0b96e.jpg,9
382,Bioderma серум для суженных пор SEBIUM PORE REFINER 30 мл,15-Apr-22,8384,39,https://st.europharma.kz/cache/product/1794/160x160_22810.jpeg,9
383,Nuxe Nuxuriance Ultra SPF 20 Крем для всех типов кожи 50 мл,15-Apr-22,13946,59,https://st.europharma.kz/cache/product/11010/160x160_57230.jpeg,9
384,Nuxe крем солнцезащитный для лица SUN SPF50 50мл,15-Apr-22,6419,75,https://st.europharma.kz/cache/product/14082/160x160_5c14c8cb282c8.jpg,9
385,Pigeon салфетки влажные для рук и рта  № 25 шт,15-Apr-22,659,99,https://st.europharma.kz/cache/product/26626/160x160_5fb38ac703812.png,9
386,Fa чистота и свежесть спрей с антибактериальным эффектом  для рук 150 мл,15-Apr-22,890,44,https://st.europharma.kz/cache/product/28418/160x160_5fb355e254fed.jpg,9
387,Biotherm гель для кожи вокруг глаз AQUAPOWER FRESH EYES 15 мл,15-Apr-22,10370,31,https://st.europharma.kz/cache/product/32002/160x160_61b1bbde69407.jpeg,9
388,BioMio крем чистящий атибактериальный для кухни 500 мл,15-Apr-22,1624,86,https://st.europharma.kz/cache/product/35842/160x160_6108cfc23a146.jpg,9
389,Avene сыворотка Cleanance Woman картон 30 мл,15-Apr-22,9030,39,https://st.europharma.kz/cache/product/36098/160x160_61514f9bd162f.jpg,9
390,Lady Speed Stick дезодорант антиперспирант Perfect Look Fresh &amp; Essence 150 мл № 12 шт,15-Apr-22,1241,44,https://st.europharma.kz/cache/product/37634/160x160_61a4bc1b45a89.jpg,9
391,"Зубная паста Blend-a-med 3D White Арктическая свежесть, 100 мл",15-Apr-22,832,19,https://st.europharma.kz/cache/product/8963/160x160_5c629298ec9b0.jpg,9
392,Nuxe Nuxuriance Флюид для контура глаз 15 мл,15-Apr-22,10472,59,https://st.europharma.kz/cache/product/11011/160x160_605313ad58d45.jpg,9
393,Облепиховое масло 100мл (Натуральные масла),15-Apr-22,357,86,https://st.europharma.kz/cache/product/19203/160x160_5ffc087e958d4.jpeg,9
394,Sebamed масло для душа 200 мл (арт 4240952),15-Apr-22,3632,29,https://st.europharma.kz/cache/product/26115/160x160_5f8d564fd7c00.png,9
395,Fa Жидкое крем-мыло  Йогурт Алоэ Вера,15-Apr-22,669,55,https://st.europharma.kz/cache/product/28419/160x160_5fb355ae4c3d7.jpg,9
396,Batiste  Cherry сухой шампунь  50 мл,15-Apr-22,956,81,https://st.europharma.kz/cache/product/28675/160x160_5fb34f2fae6a8.jpg,9
397,Biotherm крем-гель для нормальной и комбинированной кожи AQUAPOWER 75 мл,15-Apr-22,15781,92,https://st.europharma.kz/cache/product/32003/160x160_614071028f4db.jpg,9
398,З/п Colgate Herbal 150 мл,15-Apr-22,704,49,https://st.europharma.kz/cache/product/37635/160x160_61c1563293bd1.jpg,9
399,Splat зубная щетка Сomplete средняя ANC0034667,15-Apr-22,1091,75,https://st.europharma.kz/cache/product/4100/160x160_5f643199b3116.png,9
400,Ola прокладки супертонкие ежедневные № 20 шт,15-Apr-22,278,59,https://st.europharma.kz/cache/product/11012/160x160_5f52086569fd8.png,9
401,Домашний доктор соль для ванн морская релаксация и расслабление 500 г,15-Apr-22,462,93,https://st.europharma.kz/cache/product/16132/160x160_47390.jpeg,9
402,Карина бумага Народная туалетная  № 24 шт,15-Apr-22,71,73,https://st.europharma.kz/cache/product/27140/160x160_5fb39d4e8ac5f.jpg,9
403,Biotherm сыворотка антивозрастная FORCE SUPREME  YOUTH ARCHITECTOR 50 мл,15-Apr-22,31561,24,https://st.europharma.kz/cache/product/32004/160x160_61b1c7e1c7fd9.jpg,9
404,Listerine ополоскиватель для полости рта ночное восстановление 400 мл,15-Apr-22,1454,56,https://st.europharma.kz/cache/product/26885/160x160_5fb4e5930e8fc.jpg,9
405,Biotherm сыворотка для глаз FORCE SUPREME EYE ARCHITECT 15 мл,15-Apr-22,21462,84,https://st.europharma.kz/cache/product/32005/160x160_61b1c81b43179.jpeg,9
406,Bioderma крем при себорейном дерматите SENSIBIO DS 40 мл,15-Apr-22,7598,99,https://st.europharma.kz/cache/product/1798/160x160_30845.jpeg,9
407,Bella прокладки Nova Maxi гигиенические № 18 шт,15-Apr-22,799,40,https://st.europharma.kz/cache/product/23814/160x160_5cf368450fc0d.jpg,9
408,Поморин паста зубная Классик 100 мл № 1 шт,15-Apr-22,956,99,https://st.europharma.kz/cache/product/26374/160x160_5fb49c729703e.jpg,9
409,Biotherm крем антивозрастной FORCE SUPREME YOUTH ARCHITECT CREAM 50 мл,15-Apr-22,28178,24,https://st.europharma.kz/cache/product/32006/160x160_614070b1e74e6.jpg,9
410,Avene спрей подсушивающий восстанавливающий  Cicalfate+ новинка 100 мл,15-Apr-22,4535,23,https://st.europharma.kz/cache/product/36102/160x160_61a0b5d48eb41.jpg,9
411,Bioderma крем восстанавливающий для рук ATODERM  50 мл,15-Apr-22,2358,31,https://st.europharma.kz/cache/product/1799/160x160_30843.jpeg,9
412,Blend-a-med зубная паста Про-минер в ассортименте 100 гр,15-Apr-22,478,84,https://st.europharma.kz/cache/product/8967/160x160_37700.jpeg,9
413,Я самая крем-мыло мицеллярное 250 мл  с экстрактом миндаля,15-Apr-22,561,88,https://st.europharma.kz/cache/product/27911/160x160_5f4f3138b5876.jpg,9
414,Biotherm дезодарант ролик DAY CONTROL 75 мл,15-Apr-22,10292,80,https://st.europharma.kz/cache/product/32007/160x160_61b1c2cbbbfb0.png,9
415,Canpol Маникюрный набор (ножницы+щипчики+пилочка) 0+,15-Apr-22,2280,51,https://st.europharma.kz/cache/product/41223/160x160_623063a531653.jpg,9
416,Doliva лосьон с миндальным маслом для тела 500 мл,15-Apr-22,3960,75,https://st.europharma.kz/cache/product/3080/160x160_38280.jpeg,9
417,Kotex прокладки Super тонкие ежедневные № 20 шт ANC0034824,15-Apr-22,318,59,https://st.europharma.kz/cache/product/27400/160x160_5f6c3e6240ba4.jpeg,9
418,Biotherm дезодарант ролик 72 часа DAY CONTROL 75 мл,15-Apr-22,9189,79,https://st.europharma.kz/cache/product/32008/160x160_61b1c2630ba1c.png,9
419,Avene концентрат локальный XERACAL картон 50 мл,15-Apr-22,5777,62,https://st.europharma.kz/cache/product/36104/160x160_611e300e04c88.jpg,9
420,Nuxe дезодорант антиперспирант Men 50 мл,15-Apr-22,3371,93,https://st.europharma.kz/cache/product/1545/160x160_5c14c531d65a6.png,9
421,Bioderma крем питательный для сухой кожи,15-Apr-22,7598,28,https://st.europharma.kz/cache/product/1801/160x160_8250.jpeg,9
422,"Nivea Гель для душа женс""Балийский цветок и масло""",15-Apr-22,1082,21,https://st.europharma.kz/cache/product/2569/160x160_45986.jpeg,9
423,"Скинорен 15%, 30 гр, гель",15-Apr-22,6908,82,https://st.europharma.kz/cache/product/8713/160x160_5f0c2527c6def.png,9
424,Naturella прокладки Ultra Camomile Night Duo № 14 шт,15-Apr-22,1167,15,https://st.europharma.kz/cache/product/16649/160x160_5f22a4ebb0f7a.png,9
425,Biotherm дезодорант спрей DAY CONTROL 72H RENO 150 мл,15-Apr-22,10292,59,https://st.europharma.kz/cache/product/32009/160x160_61b1c3e74c44b.jpg,9
426,Nuxe гель для бритья 150 мл,15-Apr-22,4098,44,https://st.europharma.kz/cache/product/1546/160x160_5c14c55a08ef5.png,9
427,Bioderma раствор мицелловый удаление макияжа SEBIUM 250 мл,15-Apr-22,5240,33,https://st.europharma.kz/cache/product/1802/160x160_8551.jpeg,9
428,"Скинорен 20%, 30 гр, крем",15-Apr-22,6913,88,https://st.europharma.kz/cache/product/8714/160x160_5f0c249a6d62f.png,9
429,Babe Laboratorios мицеллярная вода 250 мл,15-Apr-22,4424,98,https://st.europharma.kz/cache/product/22538/160x160_5f98fe3dcdff8.jpg,9
430,Cacharel туалетная вода AMOR AMOR ЕН 30 мл,15-Apr-22,14194,81,https://st.europharma.kz/cache/product/32010/160x160_609b994cbb6a6.jpg,9
431,TENA прокладки урологические Lady Slim Ultra Mini № 28 шт,15-Apr-22,1130,84,https://st.europharma.kz/cache/product/38154/160x160_618e4bc180270.jpg,9
432,Nuxe крем антивозрастной для контура глаз и губ Nuxuriance 15 мл,15-Apr-22,11976,56,https://st.europharma.kz/cache/product/1547/160x160_8400.jpeg,9
433,Vichy крем тональный Флексилифт 25 (телесный) 30 мл,15-Apr-22,13602,68,https://st.europharma.kz/cache/product/24331/160x160_5c8a1e226c2c7.jpeg,9
434,Лесной бальзам зубная паста для детей с 7 лет 50 мл,15-Apr-22,474,12,https://st.europharma.kz/cache/product/25099/160x160_5d22f198138bc.jpg,9
435,O.b  тампоны SilkTouch super № 16 шт,15-Apr-22,1353,18,https://st.europharma.kz/cache/product/26891/160x160_5fb3895395151.jpg,9
436,Средство с моющим эффектом антибактериальное 10 л,15-Apr-22,9720,83,https://st.europharma.kz/cache/product/27403/160x160_607ea4edba88e.jpg,9
437,Cacharel туалетная вода женская AMOR AMOR 50 мл,15-Apr-22,19598,69,https://st.europharma.kz/cache/product/32011/160x160_609b9bc5701b3.jpg,9
438,Always прокладки Ultra Normal Plus Single № 10 шт,15-Apr-22,745,70,https://st.europharma.kz/cache/product/268/160x160_616e38b5a4cb9.png,9
439,Nuxe крем для рук и ногтей Reve De Miel  75 мл,15-Apr-22,2641,17,https://st.europharma.kz/cache/product/1548/160x160_8357.jpeg,9
440,Bioderma раствор мицелловый мягкое очищение SENSIBIO 250 мл,15-Apr-22,5240,60,https://st.europharma.kz/cache/product/1804/160x160_8711.jpeg,9
441,Kotex тампоны мини № 8 шт,15-Apr-22,726,73,https://st.europharma.kz/cache/product/8972/160x160_5f6c342a221aa.jpeg,9
442,La Roche крем для рук Липикар ксеранд  50 мл,15-Apr-22,4493,71,https://st.europharma.kz/cache/product/10252/160x160_5c2457f097321.jpg,9
443,Лесной бальзам зубная паста для детей с 2 лет 50 мл,15-Apr-22,474,53,https://st.europharma.kz/cache/product/25100/160x160_5d22f1af527b9.jpg,9
444,O.b  тампоны SilkTouch normal № 16 шт,15-Apr-22,1353,34,https://st.europharma.kz/cache/product/26892/160x160_5fb3893d81646.jpg,9
445,Vichy DERCOS шампунь-уход интенсивный для чувствительной кожи головы для сухих волос 200 мл,15-Apr-22,5655,39,https://st.europharma.kz/cache/product/27148/160x160_5ef9b21690e5e.png,9
446,Biore солнцезащитный флюид SPF 50 50 г,15-Apr-22,7248,28,https://st.europharma.kz/cache/product/27660/160x160_5fb4b9ad8476d.jpg,9
447,Cacharel туалетная вода женская NOA 30 мл,15-Apr-22,14194,82,https://st.europharma.kz/cache/product/32012/160x160_609b9c1d842f5.jpg,9
448,Always прокладки Ultra Super Plus Single № 8 шт,15-Apr-22,745,20,https://st.europharma.kz/cache/product/269/160x160_5f51f6942ffc7.png,9
449,Kotex тампоны мини № 16 шт,15-Apr-22,1296,66,https://st.europharma.kz/cache/product/8973/160x160_616e500516b47.png,9
450,"Nivea бальзам Вишневое сияние для губ 5,5 мл",15-Apr-22,897,59,https://st.europharma.kz/cache/product/16141/160x160_5f58773691775.png,9
